{
  "$schema": "https://raw.githubusercontent.com/JanDeDobbeleer/oh-my-posh/main/themes/schema.json",
  "blocks": [
    {
      "type": "rprompt",
      "segments": [
        {
          "foreground": "#007ACC",
          "options": {
            "time_format": "15:04:05"
          },
          "style": "plain",
          "template": " {{ .CurrentDate | date .Format }} ",
          "type": "time"
        }
      ]
    },
    {
      "alignment": "left",
      "segments": [
        {
          "background": "#ffffff",
          "foreground": "#100e23",
          "powerline_symbol": "\ue0b0",
          "style": "powerline",
          "template": " {{ .UserName }}@{{ .HostName }} ",
          "type": "session"
        },
        {
          "background": "#91ddff",
          "foreground": "#100e23",
          "powerline_symbol": "\ue0b0",
          "options": {
            "folder_icon": "\uf115",
            "folder_separator_icon": " \ue0b1 ",
            "home_icon": "\ueb06",
            "style": "agnoster"
          },
          "style": "powerline",
          "template": " {{ .Path }} ",
          "type": "path"
        },
        {
          "background": "#95ffa4",
          "foreground": "#193549",
          "powerline_symbol": "\ue0b0",
          "style": "powerline",
          "template": " {{ .HEAD }} ",
          "type": "git"
        }
      ],
      "type": "prompt"
    }
  ],
  "final_space": true,
  "version": 4
}
