{
  "$schema": "https://raw.githubusercontent.com/JanDeDobbeleer/oh-my-posh/main/themes/schema.json",
  "palette": {
        "os": "#ACB0BE",
        "pink": "#F5BDE6",
        "lavender": "#B7BDF8",
        "blue":  "#8AADF4",
        "wight": "#FFFFFF",
        "text": "#494D64"
  },
  "blocks": [
    {
      "alignment": "left",
      "segments": [
        {
          "background": "p:blue",
          "foreground": "p:wight",
          "powerline_symbol": "\ue0b4",
          "leading_diamond": "\ue0b6",
          "style": "diamond",
          "template": "{{.Icon}} ",
          "type": "os"
        },
        {
          "background": "p:blue",
          "foreground": "p:text",
          "powerline_symbol": "\ue0b4",
          "style": "diamond",
          "template": "{{ .UserName }}@{{ .HostName }}",
          "type": "session"
        },
        {
          "background": "p:pink",
          "foreground": "p:text",
          "options": {
            "folder_icon": "..\ue5fe..",
            "home_icon": "~",
            "style": "agnoster_short"
          },
          "powerline_symbol": "\ue0b4",
          "style": "powerline",
          "template": " {{ .Path }}",
          "type": "path"
        },
        {
          "background": "p:lavender",
          "foreground": "p:text",
          "style": "powerline",
          "options": {
            "branch_icon": "\ue725 ",
            "cherry_pick_icon": "\ue29b ",
            "commit_icon": "\uf417 ",
            "fetch_status": false,
            "fetch_upstream_icon": false,
            "merge_icon": "\ue727 ",
            "no_commits_icon": "\uf0c3 ",
            "rebase_icon": "\ue728 ",
            "revert_icon": "\uf0e2 ",
            "tag_icon": "\uf412 "
          },
          "powerline_symbol": "\ue0b4",
          "template": " {{ .HEAD }}",
          "type": "git"
        }
      ],
      "type": "prompt"
    }
  ],
  "final_space": true,
  "version": 4
}
