{
  "$schema": "https://raw.githubusercontent.com/JanDeDobbeleer/oh-my-posh/main/themes/schema.json",
  "blocks": [
    {
      "alignment": "left",
      "segments": [
        {
          "background": "#c386f1",
          "foreground": "#ffffff",
          "leading_diamond": "\ue0b6",
          "style": "diamond",
          "template": " {{ if .SSHSession }}\ueba9 {{ end }}{{ .UserName }}@{{ .HostName }} ",
          "trailing_diamond": "\ue0b0",
          "type": "session"
        },
        {
          "background": "#ff479c",
          "foreground": "#ffffff",
          "powerline_symbol": "\ue0b0",
          "options": {
            "style": "folder"
          },
          "style": "powerline",
          "template": " \uf07b  {{ .Path }} ",
          "type": "path"
        },
        {
          "background": "#fffb38",
          "background_templates": [
            "{{ if or (.Working.Changed) (.Staging.Changed) }}#FF9248{{ end }}",
            "{{ if and (gt .Ahead 0) (gt .Behind 0) }}#ff4500{{ end }}",
            "{{ if gt .Ahead 0 }}#B388FF{{ end }}",
            "{{ if gt .Behind 0 }}#B388FF{{ end }}"
          ],
          "foreground": "#193549",
          "powerline_symbol": "\ue0b0",
          "options": {
            "fetch_status": true,
            "fetch_upstream_icon": true
          },
          "style": "powerline",
          "template": " {{ .UpstreamIcon }}{{ .HEAD }}{{if .BranchStatus }} {{ .BranchStatus }}{{ end }}{{ if .Working.Changed }} \uf044 {{ .Working.String }}{{ end }}{{ if and (.Working.Changed) (.Staging.Changed) }} |{{ end }}{{ if .Staging.Changed }} \uf046 {{ .Staging.String }}{{ end }}{{ if gt .StashCount 0 }} \ueb4b {{ .StashCount }}{{ end }} ",
          "type": "git"
        },
        {
          "background": "#2e9599",
          "background_templates": [
            "{{ if gt .Code 0 }}#f1184c{{ end }}"
          ],
          "foreground": "#ffffff",
          "leading_diamond": "<transparent,background>\ue0b0</>",
          "options": {
            "always_enabled": true
          },
          "style": "diamond",
          "template": " \ue23a {{ if gt .Code 0 }}\uf00d {{ reason .Code }}{{ else }}\uf42e{{ end }} ",
          "trailing_diamond": "\ue0b4",
          "type": "status"
        }
      ],
      "type": "prompt"
    },
    {
      "alignment": "right",
      "segments": [
        {
          "background": "#0077c2",
          "foreground": "#ffffff",
          "style": "plain",
          "template": "<#0077c2,transparent>\ue0b6</> \uf489 {{ .Name }} <transparent,#0077c2>\ue0b2</>",
          "type": "shell"
        },
        {
          "background": "#f36943",
          "background_templates": [
            "{{if eq \"Charging\" .State.String}}#40c4ff{{end}}",
            "{{if eq \"Discharging\" .State.String}}#ff5722{{end}}",
            "{{if eq \"Full\" .State.String}}#4caf50{{end}}"
          ],
          "foreground": "#ffffff",
          "invert_powerline": true,
          "powerline_symbol": "\ue0b2",
          "options": {
            "charged_icon": "\ue22f ",
            "charging_icon": "\ueb2d ",
            "discharging_icon": "\uf244 "
          },
          "style": "powerline",
          "template": " {{ if not .Error }}{{ .Icon }}{{ .Percentage }}{{ end }}{{ .Error }}\uf295 ",
          "type": "battery"
        },
        {
          "background": "#2e9599",
          "foreground": "#111111",
          "invert_powerline": true,
          "leading_diamond": "\ue0b2",
          "style": "diamond",
          "template": " \ue641 {{ .CurrentDate | date .Format }} ",
          "trailing_diamond": "\ue0b4",
          "type": "time"
        }
      ],
      "type": "prompt"
    },
    {
      "alignment": "left",
      "newline": true,
      "segments": [
        {
          "background": "#ebcc34",
          "foreground": "#000000",
          "leading_diamond": "\ue0b6",
          "style": "diamond",
          "template": " \uf308 Kubernetes {{.Context}} cluster {{if .Namespace}}- {{.Namespace}} namespace{{end}} ",
          "trailing_diamond": "\ue0b0",
          "type": "kubectl"
        },
        {
          "background": "#9ec3f0",
          "foreground": "#000000",
          "powerline_symbol": "\ue0b0",
          "style": "powerline",
          "template": " \uebd8 Subscription {{ .Name }} ({{ if .EnvironmentName | contains \"AzureCloud\" }}{{ \"Global\" }}{{ else }}{{ .EnvironmentName }}{{ end }}) ",
          "type": "az"
        }
      ],
      "type": "prompt"
    },
    {
      "alignment": "left",
      "newline": true,
      "segments": [
        {
          "foreground": "#E06C75",
          "style": "plain",
          "template": " ~ ",
          "type": "text"
        }
      ],
      "type": "prompt"
    }
  ],
  "console_title_template": "{{ .Shell }} in {{ .Folder }}",
  "final_space": true,
  "version": 4
}
