{
  "$schema": "https://raw.githubusercontent.com/JanDeDobbeleer/oh-my-posh/main/themes/schema.json",
  "blocks": [
    {
      "alignment": "left",
      "segments": [
        {
          "background": "#6272a4",
          "foreground": "#f8f8f2",
          "leading_diamond": "\ue0b6",
          "style": "diamond",
          "template": "{{ .UserName }} ",
          "type": "session"
        },
        {
          "background": "#bd93f9",
          "foreground": "#f8f8f2",
          "powerline_symbol": "\ue0b0",
          "options": {
            "style": "folder"
          },
          "style": "powerline",
          "template": " {{ .Path }} ",
          "type": "path"
        },
        {
          "background": "#ffb86c",
          "foreground": "#f8f8f2",
          "powerline_symbol": "\ue0b0",
          "options": {
            "branch_icon": "",
            "fetch_status": false,
            "fetch_upstream_icon": true
          },
          "style": "powerline",
          "template": " \ue725 ({{ .UpstreamIcon }}{{ .HEAD }}{{ if gt .StashCount 0 }} \ueb4b {{ .StashCount }}{{ end }}) ",
          "type": "git"
        },
        {
          "background": "#8be9fd",
          "foreground": "#f8f8f2",
          "powerline_symbol": "\ue0b0",
          "style": "powerline",
          "template": " \ue718 {{ if .PackageManagerIcon }}{{ .PackageManagerIcon }} {{ end }}{{ .Full }} ",
          "type": "node"
        },
        {
          "background": "#ff79c6",
          "foreground": "#f8f8f2",
          "options": {
            "time_format": "15:04"
          },
          "style": "diamond",
          "template": " \u2665 {{ .CurrentDate | date .Format }} ",
          "trailing_diamond": "\ue0b0",
          "type": "time"
        }
      ],
      "type": "prompt"
    },
    {
      "alignment": "left",
      "segments": [
        {
          "background": "#f1fa8c",
          "foreground": "#282a36",
          "invert_powerline": true,
          "leading_diamond": "\ue0b2",
          "style": "diamond",
          "template": " \ue7ad {{.Profile}}{{if .Region}}@{{.Region}}{{end}}",
          "trailing_diamond": "\ue0b4",
          "type": "aws"
        }
      ],
      "type": "rprompt"
    }
  ],
  "final_space": true,
  "version": 4
}
