{
  "$schema": "https://raw.githubusercontent.com/JanDeDobbeleer/oh-my-posh/main/themes/schema.json",
  "blocks": [
    {
      "segments": [
        {
          "foreground": "#ff8800",
          "style": "diamond",
          "template": "{{ round .PhysicalPercentUsed .Precision }}% ",
          "type": "sysinfo"
        },
        {
          "foreground": "#ff8800",
          "style": "diamond",
          "template": "{{ (div ((sub .PhysicalTotalMemory .PhysicalAvailableMemory)|float64) 1073741824.0) }}/{{ (div .PhysicalTotalMemory 1073741824.0) }}GB ",
          "type": "sysinfo"
        }
      ],
      "type": "rprompt"
    },
    {
      "alignment": "left",
      "segments": [
        {
          "foreground": "#ff8800",
          "options": {
            "macos": "mac"
          },
          "style": "plain",
          "template": "{{ if .WSL }}WSL at {{ end }}{{.Icon}} ",
          "type": "os"
        },
        {
          "foreground": "#ff8800",
          "style": "plain",
          "template": "$",
          "type": "text"
        },
        {
          "foreground": "#ff8800",
          "style": "plain",
          "template": "{{ .UserName }}:",
          "type": "session"
        },
        {
          "foreground": "#62c0ff",
          "options": {
            "folder_separator_icon": "/",
            "style": "full"
          },
          "style": "plain",
          "type": "path"
        },
        {
          "foreground": "#62c0ff",
          "foreground_templates": [
            "{{ if or (.Working.Changed) (.Staging.Changed) }}#6287ff{{ end }}",
            "{{ if and (gt .Ahead 0) (gt .Behind 0) }}#7f62ff{{ end }}",
            "{{ if gt .Ahead 0 }}#9962ff{{ end }}",
            "{{ if gt .Behind 0 }}#c062ff{{ end }}"
          ],
          "options": {
            "branch_template": "{{ trunc 25 .Branch }}",
            "fetch_status": true,
            "fetch_upstream_icon": true
          },
          "style": "plain",
          "template": "<#ff8800>on</> {{.UpstreamIcon }}{{ .HEAD }}{{if .BranchStatus }} {{ .BranchStatus }}{{ end }}{{ if .Working.Changed }} \uf044 {{ .Working.String }}{{ end }}{{ if and (.Working.Changed) (.Staging.Changed) }} |{{ end }}{{ if .Staging.Changed }} \uf046 {{ .Staging.String }}{{ end }}{{ if gt .StashCount 0 }} \ueb4b {{ .StashCount }}{{ end }} ",
          "type": "git"
        },
        {
          "foreground": "#ff8800",
          "style": "plain",
          "template": "\u276f ",
          "type": "text"
        }
      ],
      "type": "prompt"
    }
  ],
  "version": 4
}
