{
  "$schema": "https://raw.githubusercontent.com/JanDeDobbeleer/oh-my-posh/main/themes/schema.json",
  "blocks": [
    {
      "alignment": "left",
      "segments": [
        {
          "background": "#c386f1",
          "foreground": "#ffffff",
          "leading_diamond": "\ue0b6",
          "style": "diamond",
          "template": " {{ .UserName }} ",
          "trailing_diamond": "\ue0b0",
          "type": "session"
        },
        {
          "background": "#ff479c",
          "foreground": "#ffffff",
          "powerline_symbol": "\ue0b0",
          "options": {
            "folder_separator_icon": " \ue0b1 ",
            "home_icon": "~",
            "style": "folder"
          },
          "style": "powerline",
          "template": " \uea83  {{ .Path }} ",
          "type": "path"
        },
        {
          "background": "#fffb38",
          "background_templates": [
            "{{ if or (.Working.Changed) (.Staging.Changed) }}#FF9248{{ end }}",
            "{{ if and (gt .Ahead 0) (gt .Behind 0) }}#ff4500{{ end }}",
            "{{ if gt .Ahead 0 }}#B388FF{{ end }}",
            "{{ if gt .Behind 0 }}#B388FF{{ end }}"
          ],
          "foreground": "#193549",
          "leading_diamond": "\ue0b6",
          "powerline_symbol": "\ue0b0",
          "options": {
            "branch_template": "{{ trunc 25 .Branch }}",
            "fetch_status": true,
            "fetch_upstream_icon": true
          },
          "style": "powerline",
          "template": " {{ .UpstreamIcon }}{{ .HEAD }}{{if .BranchStatus }} {{ .BranchStatus }}{{ end }}{{ if .Working.Changed }} \uf044 {{ .Working.String }}{{ end }}{{ if and (.Working.Changed) (.Staging.Changed) }} |{{ end }}{{ if .Staging.Changed }} \uf046 {{ .Staging.String }}{{ end }}{{ if gt .StashCount 0 }} \ueb4b {{ .StashCount }}{{ end }} ",
          "trailing_diamond": "\ue0b4",
          "type": "git"
        },
        {
          "background": "#6CA35E",
          "foreground": "#ffffff",
          "powerline_symbol": "\ue0b0",
          "options": {
            "fetch_version": true
          },
          "style": "powerline",
          "template": " \ue718 {{ if .PackageManagerIcon }}{{ .PackageManagerIcon }} {{ end }}{{ .Full }} ",
          "type": "node"
        },
        {
          "background": "#8ED1F7",
          "foreground": "#111111",
          "powerline_symbol": "\ue0b0",
          "options": {
            "fetch_version": true
          },
          "style": "powerline",
          "template": " \ue626 {{ if .Error }}{{ .Error }}{{ else }}{{ .Full }}{{ end }} ",
          "type": "go"
        },
        {
          "background": "#4063D8",
          "foreground": "#111111",
          "powerline_symbol": "\ue0b0",
          "options": {
            "fetch_version": true
          },
          "style": "powerline",
          "template": " \ue624 {{ if .Error }}{{ .Error }}{{ else }}{{ .Full }}{{ end }} ",
          "type": "julia"
        },
        {
          "background": "#FFDE57",
          "foreground": "#111111",
          "powerline_symbol": "\ue0b0",
          "options": {
            "display_mode": "files",
            "fetch_virtual_env": false
          },
          "style": "powerline",
          "template": " \ue235 {{ if .Error }}{{ .Error }}{{ else }}{{ .Full }}{{ end }} ",
          "type": "python"
        },
        {
          "background": "#AE1401",
          "foreground": "#ffffff",
          "powerline_symbol": "\ue0b0",
          "options": {
            "display_mode": "files",
            "fetch_version": true
          },
          "style": "powerline",
          "template": " \ue791 {{ if .Error }}{{ .Error }}{{ else }}{{ .Full }}{{ end }} ",
          "type": "ruby"
        },
        {
          "background": "#FEAC19",
          "foreground": "#ffffff",
          "powerline_symbol": "\ue0b0",
          "options": {
            "display_mode": "files",
            "fetch_version": false
          },
          "style": "powerline",
          "template": " \uf0e7{{ if .Error }}{{ .Error }}{{ else }}{{ .Full }}{{ end }} ",
          "type": "azfunc"
        },
        {
          "background_templates": [
            "{{if contains \"default\" .Profile}}#FFA400{{end}}",
            "{{if contains \"jan\" .Profile}}#f1184c{{end}}"
          ],
          "foreground": "#ffffff",
          "powerline_symbol": "\ue0b0",
          "options": {
            "display_default": false
          },
          "style": "powerline",
          "template": " \ue7ad {{ .Profile }}{{ if .Region }}@{{ .Region }}{{ end }} ",
          "type": "aws"
        },
        {
          "background": "#ffff66",
          "foreground": "#111111",
          "powerline_symbol": "\ue0b0",
          "style": "powerline",
          "template": " \uf0ad ",
          "type": "root"
        },
        {
          "background": "#83769c",
          "foreground": "#ffffff",
          "options": {
            "always_enabled": true
          },
          "style": "plain",
          "template": "<transparent>\ue0b0</> \ueba2 {{ .FormattedMs }}\u2800",
          "type": "executiontime"
        },
        {
          "background": "#00897b",
          "background_templates": [
            "{{ if gt .Code 0 }}#e91e63{{ end }}"
          ],
          "foreground": "#ffffff",
          "options": {
            "always_enabled": true
          },
          "style": "diamond",
          "template": "<parentBackground>\ue0b0</> \ue23a ",
          "trailing_diamond": "\ue0b4",
          "type": "status"
        }
      ],
      "type": "prompt"
    },
    {
      "segments": [
        {
          "background": "#0077c2",
          "foreground": "#ffffff",
          "style": "plain",
          "template": "<#0077c2,transparent>\ue0b6</> \uf489 {{ .Name }} <transparent,#0077c2>\ue0b2</>",
          "type": "shell"
        },
        {
          "background": "#1BD760",
          "foreground": "#111111",
          "invert_powerline": true,
          "powerline_symbol": "\ue0b2",
          "options": {
            "paused_icon": "\uf04c ",
            "playing_icon": "\uf04b "
          },
          "style": "powerline",
          "template": " \uf167 {{ .Icon }}{{ if ne .Status \"stopped\" }}{{ .Artist }} - {{ .Track }}{{ end }} ",
          "type": "ytm"
        },
        {
          "background": "#f36943",
          "background_templates": [
            "{{if eq \"Charging\" .State.String}}#40c4ff{{end}}",
            "{{if eq \"Discharging\" .State.String}}#ff5722{{end}}",
            "{{if eq \"Full\" .State.String}}#4caf50{{end}}"
          ],
          "foreground": "#ffffff",
          "invert_powerline": true,
          "powerline_symbol": "\ue0b2",
          "options": {
            "charged_icon": "\ue22f ",
            "charging_icon": "\ue234 ",
            "discharging_icon": "\ue231 "
          },
          "style": "powerline",
          "template": " {{ if not .Error }}{{ .Icon }}{{ .Percentage }}{{ end }}{{ .Error }}\uf295 ",
          "type": "battery"
        },
        {
          "background": "#2e9599",
          "foreground": "#111111",
          "invert_powerline": true,
          "leading_diamond": "\ue0b2",
          "style": "diamond",
          "template": " {{ .CurrentDate | date .Format }} ",
          "trailing_diamond": "\ue0b4",
          "type": "time"
        }
      ],
      "type": "rprompt"
    }
  ],
  "console_title_template": "{{ .Shell }} in {{ .Folder }}",
  "final_space": true,
  "version": 4
}
