{
  "$schema": "https://raw.githubusercontent.com/JanDeDobbeleer/oh-my-posh/main/themes/schema.json",
  "blocks": [
    {
      "alignment": "left",
      "segments": [
        {
          "foreground": "#F1FA8C",
          "options": {
            "style": "folder"
          },
          "style": "diamond",
          "template": "<#42E66C>\ueaf7 </><b>{{ .Path }}</b>",
          "type": "path"
        },
        {
          "foreground": "#43CCEA",
          "options": {
            "branch_icon": ""
          },
          "style": "diamond",
          "template": "<#ffffff> \u26A1 </><b>{{ .HEAD }}</b>",
          "type": "git"
        },
        {
          "foreground": "#ff0000",
          "style": "diamond",
          "template": "<#ff0000> \u25C9</>",
          "type": "text"
        }
      ],
      "type": "prompt"
    },
    {
      "alignment": "left",
      "newline": true,
      "segments": [
        {
          "foreground": "#FFFFFF",
          "style": "plain",
          "template": ">",
          "type": "text"
        }
      ],
      "type": "prompt"
    }
  ],
  "final_space": true,
  "version": 4
}
