{
  "$schema": "https://raw.githubusercontent.com/JanDeDobbeleer/oh-my-posh/main/themes/schema.json",
  "blocks": [
    {
      "alignment": "left",
      "segments": [
        {
          "background": "#feae34",
          "foreground": "#262b44",
          "leading_diamond": "\ue0b6",
          "powerline_symbol": "\ue0b0",
          "options": {
            "style": "folder"
          },
          "style": "diamond",
          "template": " \ue5ff {{ .Path }} ",
          "trailing_diamond": "\ue0b0",
          "type": "path"
        },
        {
          "background": "#fee761",
          "background_templates": [
            "{{ if or (.Working.Changed) (.Staging.Changed) }}#f77622{{ end }}",
            "{{ if and (gt .Ahead 0) (gt .Behind 0) }}#e43b44{{ end }}",
            "{{ if gt .Ahead 0 }}#2ce8f5{{ end }}",
            "{{ if gt .Behind 0 }}#f77622{{ end }}"
          ],
          "foreground": "#262b44",
          "powerline_symbol": "\ue0b0",
          "options": {
            "fetch_status": true,
            "fetch_upstream_icon": true
          },
          "style": "powerline",
          "template": " {{ .UpstreamIcon }}{{ .HEAD }}{{if .BranchStatus }} {{ .BranchStatus }}{{ end }}{{ if .Staging.Changed }} \uf046 {{ .Staging.String }}{{ end }}{{ if and (.Working.Changed) (.Staging.Changed) }} |{{ end }}{{ if .Working.Changed }} \uf044 {{ .Working.String }}{{ end }}{{ if gt .StashCount 0 }} \ueb4b {{ .StashCount }}{{ end }} ",
          "type": "git"
        },
        {
          "background": "#0095e9",
          "background_templates": [
            "{{ if gt .Code 0 }}#ff0044{{ end }}"
          ],
          "foreground": "#ffffff",
          "leading_diamond": "<transparent,background>\ue0b0</>",
          "options": {
            "always_enabled": true
          },
          "style": "diamond",
          "template": " \uf0e7 ",
          "trailing_diamond": "\ue0b4",
          "type": "status"
        }
      ],
      "type": "prompt"
    }
  ],
  "final_space": true,
  "version": 4
}
