{
  "$schema": "https://raw.githubusercontent.com/JanDeDobbeleer/oh-my-posh/main/themes/schema.json",
  "blocks": [
    {
      "alignment": "left",
      "segments": [
        {
          "background": "#003543",
          "foreground": "#00c983",
          "leading_diamond": "\ue0b6",
          "style": "diamond",
          "template": "{{ .Icon }} {{ .HostName }} ",
          "type": "os"
        },
        {
          "background": "#DA627D",
          "foreground": "#ffffff",
          "powerline_symbol": "\ue0b0",
          "options": {
            "folder_icon": "\uf115",
            "folder_separator_icon": "\\",
            "home_icon": "\ueb06",
            "style": "full"
          },
          "style": "powerline",
          "template": " <#000>\uf07b \uea9c</> {{ .Path }} ",
          "type": "path"
        },
        {
          "background": "#FCA17D",
          "foreground": "#ffffff",
          "powerline_symbol": "\ue0b0",
          "options": {
            "branch_icon": " <#ffffff>\ue0a0 </>",
            "fetch_status": false,
            "fetch_upstream_icon": true
          },
          "style": "powerline",
          "template": " \u279c ({{ .UpstreamIcon }}{{ .HEAD }}{{ if gt .StashCount 0 }} \ueb4b {{ .StashCount }}{{ end }}) ",
          "type": "git"
        },
        {
          "background": "#76b367",
          "foreground": "#ffffff",
          "powerline_symbol": "\ue0b0",
          "style": "powerline",
          "template": " \ue718 {{ if .PackageManagerIcon }}{{ .PackageManagerIcon }} {{ end }}{{ .Full }} ",
          "type": "node"
        },
        {
          "background": "#83769c",
          "foreground": "#ffffff",
          "powerline_symbol": "\ue0b0",
          "options": {
            "always_enabled": true
          },
          "style": "powerline",
          "template": " \ueba2 {{ .FormattedMs }} ",
          "type": "executiontime"
        },
        {
          "background": "#33658A",
          "foreground": "#ffffff",
          "powerline_symbol": "\ue0b0",
          "options": {
            "time_format": "3:04 PM"
          },
          "style": "powerline",
          "template": " \uf017 {{ .CurrentDate | date .Format }} ",
          "type": "time"
        },
        {
          "background": "#2e9599",
          "background_templates": [
            "{{ if gt .Code 0 }}red{{ end }}"
          ],
          "foreground": "#ffffff",
          "powerline_symbol": "\ue0b0",
          "options": {
            "always_enabled": true
          },
          "style": "diamond",
          "template": " {{ if gt .Code 0 }}\uf421{{ else }}\uf469{{ end }} ",
          "trailing_diamond": "\ue0b4",
          "type": "status"
        }
      ],
      "type": "prompt"
    },
    {
      "alignment": "left",
      "newline": true,
      "segments": [
        {
          "foreground": "#cd5e42",
          "style": "plain",
          "template": "\ue3bf ",
          "type": "root"
        },
        {
          "foreground": "#CD4277",
          "style": "plain",
          "template": " <#45F1C2><b>\u26a1</b></><b>{{ .UserName }}</b> <#26C6DA>\u276f</><#45F1C2>\u276f</>",
          "type": "text"
        }
      ],
      "type": "prompt"
    }
  ],
  "final_space": true,
  "version": 4
}
