{
  "$schema": "https://raw.githubusercontent.com/JanDeDobbeleer/oh-my-posh/main/themes/schema.json",
  "blocks": [
    {
      "alignment": "left",
      "segments": [
        {
          "foreground": "#ffffff",
          "style": "plain",
          "template": "<#C591E8>\u276f</><#69FF94>\u276f</> ",
          "type": "text"
        },
        {
          "foreground": "#56B6C2",
          "options": {
            "style": "folder"
          },
          "style": "plain",
          "template": "{{ .Path }} ",
          "type": "path"
        },
        {
          "foreground": "#D0666F",
          "options": {
            "branch_icon": ""
          },
          "style": "plain",
          "template": "<#5FAAE8>git:(</>{{ .HEAD }}<#5FAAE8>)</>",
          "type": "git"
        },
        {
          "foreground": "#DCB977",
          "style": "plain",
          "template": " \uf119 ",
          "type": "status"
        }
      ],
      "type": "prompt"
    },

    {
      "alignment": "left",
      "newline": true,
      "segments": [
        {
          "foreground": "#ffffff",
          "style": "plain",
          "template": "\uf441 ",
          "type": "text"
        }
      ],
      "type": "prompt"
    }
  ],
  "version": 4
}
