{
  "$schema": "https://raw.githubusercontent.com/JanDeDobbeleer/oh-my-posh/main/themes/schema.json",
  "blocks": [
    {
      "alignment": "left",
      "segments": [
        {
          "background": "#BF231D",
          "foreground": "#ffffff",
          "style": "plain",
          "template": " \uf0e7 ",
          "type": "root"
        },
        {
          "background": "#0A703E",
          "foreground": "#ffffff",
          "style": "plain",
          "template": " {{ .Icon }} ",
          "type": "os"
        },
        {
          "background": "#0A703E",
          "foreground": "#ffffff",
          "style": "plain",
          "template": "{{ .UserName }} ",
          "type": "session"
        },
        {
          "background": "#256C9D",
          "foreground": "#ffffff",
          "options": {
            "folder_icon": "\uf115",
            "folder_separator_icon": " \ue0b1 ",
            "max_depth": 2,
            "style": "agnoster_short"
          },
          "style": "plain",
          "template": " {{ .Path }} ",
          "type": "path"
        },
        {
          "background": "#256C9D",
          "foreground": "#ffffff",
          "options": {
            "branch_template": "{{ trunc 30 .Branch }}",
            "fetch_status": true,
            "fetch_upstream_icon": true
          },
          "style": "plain",
          "template": "[ {{ .UpstreamIcon }}{{ .HEAD }}{{if .BranchStatus }} {{ .BranchStatus }}{{ end }}{{ if .Working.Changed }} \uf044 {{ .Working.String }}{{ end }}{{ if and (.Working.Changed) (.Staging.Changed) }} |{{ end }}{{ if .Staging.Changed }} \uf046 {{ .Staging.String }}{{ end }}{{ if gt .StashCount 0 }} \ueb4b {{ .StashCount }}{{ end }} ]",
          "type": "git"
        },
        {
          "background": "#256C9D",
          "foreground": "#ffffff",
          "powerline_symbol": "\ue0b0",
          "style": "plain",
          "template": " \ue235 {{ if .Error }}{{ .Error }}{{ else }}{{ if .Venv }}{{ .Venv }} {{ end }}{{ .Full }}{{ end }} ",
          "options": {
            "text": "\ue0b0"
          },
          "type": "python"
        },
        {
          "foreground": "#256C9D",
          "style": "plain",
          "template": "\ue0b0 ",
          "type": "text"
        }
      ],
      "type": "prompt"
    }
  ],
  "version": 4
}
