{
  "$schema": "https://raw.githubusercontent.com/JanDeDobbeleer/oh-my-posh/main/themes/schema.json",
  "blocks": [
    {
      "alignment": "left",
      "segments": [
        {
          "background": "#003543",
          "foreground": "#fff",
          "powerline_symbol": "\ue0b0",
          "options": {
            "windows": "\ue62a "
          },
          "style": "powerline",
          "template": " {{ if .WSL }}WSL at {{ end }}{{.Icon}}",
          "type": "os"
        },
        {
          "background": "#0087D8",
          "foreground": "#003544",
          "powerline_symbol": "\ue0b0",
          "options": {
            "folder_separator_icon": "/",
            "style": "full"
          },
          "style": "powerline",
          "template": " \ue5ff {{ .Path }} ",
          "type": "path"
        },
        {
          "background": "#d2ff5e",
          "background_templates": [
            "{{ if or (.Working.Changed) (.Staging.Changed) }}#ff9248{{ end }}",
            "{{ if and (gt .Ahead 0) (gt .Behind 0) }}#f26d50{{ end }}",
            "{{ if gt .Ahead 0 }}#89d1dc{{ end }}",
            "{{ if gt .Behind 0 }}#f17c37{{ end }}"
          ],
          "foreground": "#193549",
          "powerline_symbol": "\ue0b0",
          "options": {
            "fetch_status": true,
            "fetch_upstream_icon": true
          },
          "style": "powerline",
          "template": " {{ .UpstreamIcon }}{{ .HEAD }}{{if .BranchStatus }} {{ .BranchStatus }}{{ end }}{{ if .Working.Changed }} \uf044 {{ .Working.String }}{{ end }}{{ if and (.Working.Changed) (.Staging.Changed) }} |{{ end }}{{ if .Staging.Changed }} \uf046 {{ .Staging.String }}{{ end }}{{ if gt .StashCount 0 }} \ueb4b {{ .StashCount }}{{ end }} ",
          "type": "git"
        },
        {
          "background": "#003543",
          "foreground": "#fff",
          "powerline_symbol": "\ue0b0",
          "style": "powerline",
          "template": "<#fff> \ue641 </>{{ .CurrentDate | date .Format }} ",
          "type": "time"
        },
        {
          "background": "#83769c",
          "foreground": "#ffffff",
          "options": {
            "always_enabled": true
          },
          "style": "diamond",
          "template": " \ueba2 {{ .FormattedMs }}\u2800",
          "trailing_diamond": "\ue0b4",
          "type": "executiontime"
        }
      ],
      "type": "prompt"
    },
    {
      "alignment": "left",
      "newline": true,
      "segments": [
        {
          "foreground": "#fff",
          "style": "plain",
          "template": " \u26a1 ",
          "type": "root"
        },
        {
          "foreground": "#f1184c",
          "style": "plain",
          "template": "🦄 ",
          "type": "text"
        }
      ],
      "type": "prompt"
    }
  ],
  "console_title_template": "{{.UserName}}@{{.HostName}} in {{ .PWD }}",
  "final_space": true,
  "version": 4
}
